{"iteration": 10, "step_height": 2.459228515625, "success_rate": 0.0, "mean_reward": 0.0007867312179250519, "_timestamp": 1738758366, "_runtime": 25, "_step": 10, "_wandb": {"runtime": 26}}